<?xml version="1.0" encoding="UTF-8"?>
<beans xsi:schemaLocation=" 
http://www.springframework.org/schema/beans http://www.springframework.org/schema/beans/spring-beans.xsd http://www.springframework.org/schema/context http://www.springframework.org/schema/context/spring-context.xsd http://www.springframework.org/schema/mvc http://www.springframework.org/schema/mvc/spring-mvc.xsd http://www.springframework.org/schema/tx http://www.springframework.org/schema/tx/spring-tx.xsd" 
xmlns:mvc="http://www.springframework.org/schema/mvc" 
xmlns:tx="http://www.springframework.org/schema/tx" 
xmlns:context="http://www.springframework.org/schema/context" 
xmlns:xsi="http://www.w3.org/2001/XMLSchema-instance" 
xmlns="http://www.springframework.org/schema/beans">

<context:component-scan base-package="com.telusko"></context:component-scan>
<!-- <bean id="bike" class="com.telusko.Bike"></bean>
<bean id="car" class="com.telusko.Car"></bean>
 -->
 <bean id="tyre" class="com.telusko.Tyre">
<!--  <property name="brand" value="ceat"></property>
 <property name="tid" value="145"></property> -->
 <constructor-arg value="mrf"></constructor-arg>
 <constructor-arg value="745"></constructor-arg>
 </bean>
 </beans>