<?xml version="1.0" encoding="UTF-8"?>

<!-- 
<beans
 xsi:schemaLocation=" http://www.springframework.org/schema/beans http://www.springframework.org/schema/beans/spring-beans.xsd http://www.springframework.org/schema/context http://www.springframework.org/schema/context/spring-context.xsd http://www.springframework.org/schema/mvc http://www.springframework.org/schema/mvc/spring-mvc.xsd http://www.springframework.org/schema/tx http://www.springframework.org/schema/tx/spring-tx.xsd" xmlns:mvc="http://www.springframework.org/schema/mvc" 
xmlns:tx="http://www.springframework.org/schema/tx" 
xmlns:context="http://www.springframework.org/schema/context" 
xmlns:xsi="http://www.w3.org/2001/XMLSchema-instance" 
xmlns="http://www.springframework.org/schema/beans">

<context:annotation-config/>

<context:component-scan base-package="com.telusko"/>

<tx:annotation-driven transaction-manager="transactionManager"/>


 <bean class="org.springframework.web.servlet.view.InternalResourceViewResolver">

<property value="/WEB-INF/views/" name="prefix"/>

<property value=".jsp" name="suffix"/>

</bean>


<bean class="org.apache.commons.dbcp.BasicDataSource" destroy-method="close" id="dataSource">

<property value="com.mysql.jdbc.Driver" name="driverClassName"/>

<property value="jdbc:mysql://localhost:3306/vcar" name="url"/>

<property value="root" name="username"/>

<property value="123456" name="password"/>

</bean>








</beans>
 -->