{
  "users": [
    {
      "name": "raju",
      "mobile": "7013196167",
      "email": "kittu917",
      "password": "1234",
      "id": 1
    },
    {
      "name": "kittu",
      "mobile": "8341527941",
      "email": "kittu10000",
      "password": "456321",
      "id": 3
    },
    {
      "name": "teja",
      "mobile": "11111111111",
      "email": "teja55@yahoo,cpm",
      "password": "46987",
      "id": 4
    }
  ],
  "posts": [
    {
      "id": 1,
      "title": "json-server",
      "author": "typicode"
    }
  ],
  "comments": [
    {
      "id": 1,
      "body": "some comment",
      "postId": 1
    }
  ],
  "profile": {
    "name": "typicode"
  }
}